date,signal_date,symbol,side,notional,fee,state
2017-01-03,2016-12-30,SOXL,BUY,98902.0869339354,98.9020869339354,NORMAL_ATTACK
2018-02-09,2018-02-08,SOXL,SELL,221772.0400907294,221.7720400907294,BREAK_CASH
2018-02-12,2018-02-09,SOXL,BUY,220105.8814168689,220.10588141686893,NORMAL_ATTACK
2018-03-14,2018-03-13,SOXL,SELL,311704.2605477517,311.7042605477517,TOP_DEFENSE
2018-03-14,2018-03-13,XSD,BUY,282000.46280029847,282.00046280029846,TOP_DEFENSE
2018-05-01,2018-04-30,XSD,SELL,252849.34741808477,252.84934741808476,BREAK_CASH
2018-05-02,2018-05-01,SOXL,BUY,280812.57954424404,280.81257954424404,NORMAL_ATTACK
2018-10-08,2018-10-05,SOXL,SELL,297661.7226765774,297.6617226765774,BREAK_CASH
2018-10-25,2018-10-24,XSD,BUY,150025.26319658567,150.02526319658568,SPRING_DEFENSE
2018-10-26,2018-10-25,XSD,BUY,120034.38150470384,120.03438150470384,SPRING_DEFENSE
2018-10-29,2018-10-26,XSD,SELL,122729.05184497093,122.72905184497094,SPRING_DEFENSE
2018-11-02,2018-11-01,XSD,SELL,164662.21187421534,164.66221187421533,BREAK_CASH
2018-11-13,2018-11-12,XSD,BUY,158408.1558050196,158.40815580501962,SPRING_DEFENSE
2018-11-16,2018-11-15,XSD,SELL,162595.19597100158,162.59519597100157,BREAK_CASH
2018-11-20,2018-11-19,XSD,BUY,160340.20818593213,160.34020818593214,SPRING_DEFENSE
2018-11-27,2018-11-26,XSD,SELL,168927.24000060864,168.92724000060863,BREAK_CASH
2018-12-04,2018-12-03,SOXL,BUY,325485.30528484273,325.48530528484275,NORMAL_ATTACK
2018-12-06,2018-12-04,SOXL,SELL,261253.53972364918,261.25353972364917,BREAK_CASH
2018-12-10,2018-12-07,XSD,BUY,132073.9712845268,132.0739712845268,SPRING_DEFENSE
2018-12-13,2018-12-12,XSD,SELL,136121.80524013276,136.12180524013277,BREAK_CASH
2018-12-17,2018-12-14,XSD,BUY,133962.8459367414,133.9628459367414,SPRING_DEFENSE
2019-01-11,2019-01-10,XSD,SELL,135845.73429249597,135.84573429249596,BREAK_CASH
2019-01-15,2019-01-14,XSD,BUY,134768.98275609437,134.76898275609437,SPRING_DEFENSE
2019-01-16,2019-01-15,XSD,SELL,135747.1297930644,135.7471297930644,BREAK_CASH
2019-01-23,2019-01-22,SOXL,BUY,267411.82405935327,267.41182405935325,RECOVERY_ATTACK
2019-01-25,2019-01-24,SOXL,SELL,303875.79478439764,303.87579478439767,BREAK_CASH
2019-01-28,2019-01-25,XSD,BUY,153059.99426565034,153.05999426565035,NORMAL_DEFENSE
2019-01-29,2019-01-28,XSD,SELL,155644.977424367,155.64497742436703,BREAK_CASH
2019-02-04,2019-02-01,XSD,BUY,154197.5645740095,154.1975645740095,NORMAL_DEFENSE
2019-02-20,2019-02-19,XSD,SELL,164682.9766642368,164.6829766642368,NORMAL_ATTACK
2019-02-20,2019-02-19,SOXL,BUY,315216.63521010824,315.2166352101083,NORMAL_ATTACK
2019-05-24,2019-05-23,SOXL,SELL,287474.51793853304,287.47451793853304,SPRING_DEFENSE
2019-05-24,2019-05-23,XSD,BUY,261098.95579295876,261.09895579295875,SPRING_DEFENSE
2019-05-31,2019-05-30,XSD,SELL,257194.07388594182,257.1940738859418,PULLBACK_ATTACK
2019-05-31,2019-05-30,SOXL,BUY,282808.4158194994,282.80841581949943,PULLBACK_ATTACK
2019-06-03,2019-05-31,SOXL,SELL,291556.715374678,291.55671537467805,SPRING_DEFENSE
2019-06-03,2019-05-31,XSD,BUY,264471.60394817876,264.47160394817877,SPRING_DEFENSE
2019-06-04,2019-06-03,XSD,SELL,268146.83495994355,268.14683495994353,PULLBACK_ATTACK
2019-06-04,2019-06-03,SOXL,BUY,294000.71696823486,294.0007169682349,PULLBACK_ATTACK
2019-06-05,2019-06-04,SOXL,SELL,324103.30188330426,324.10330188330425,NORMAL_DEFENSE
2019-06-05,2019-06-04,XSD,BUY,163292.8049941136,163.2928049941136,NORMAL_DEFENSE
2019-06-07,2019-06-06,XSD,SELL,163251.31055328535,163.25131055328535,NORMAL_ATTACK
2019-06-07,2019-06-06,SOXL,BUY,322797.48608325474,322.79748608325474,NORMAL_ATTACK
2020-01-27,2020-01-24,SOXL,SELL,728947.663232724,728.9476632327239,TOP_DEFENSE
2020-01-27,2020-01-24,XSD,BUY,657739.401152262,657.739401152262,TOP_DEFENSE
2020-02-28,2020-02-27,XSD,SELL,550243.2285123309,550.2432285123309,PULLBACK_ATTACK
2020-02-28,2020-02-27,SOXL,BUY,615937.6113225198,615.9376113225198,PULLBACK_ATTACK
2020-03-10,2020-03-09,SOXL,SELL,597746.0023583435,597.7460023583435,SPRING_DEFENSE
2020-03-10,2020-03-09,XSD,BUY,301534.15711621486,301.5341571162149,SPRING_DEFENSE
2020-03-11,2020-03-10,XSD,BUY,241387.24764249014,241.38724764249014,SPRING_DEFENSE
2020-03-13,2020-03-12,XSD,SELL,497743.05502287234,497.74305502287234,DEEP_ATTACK
2020-03-13,2020-03-12,SOXL,BUY,551033.8023876287,551.0338023876287,DEEP_ATTACK
2020-03-16,2020-03-13,SOXL,SELL,408486.4724043995,408.4864724043995,SPRING_DEFENSE
2020-03-16,2020-03-13,XSD,BUY,206718.63265162945,206.71863265162946,SPRING_DEFENSE
2020-03-17,2020-03-16,XSD,SELL,205368.56286506384,205.36856286506384,DEEP_ATTACK
2020-03-17,2020-03-16,SOXL,BUY,407359.72255895654,407.35972255895655,DEEP_ATTACK
2020-03-25,2020-03-24,SOXL,SELL,487800.50434076076,487.80050434076077,SPRING_DEFENSE
2020-03-25,2020-03-24,XSD,BUY,245590.9287899714,245.5909287899714,SPRING_DEFENSE
2020-04-09,2020-04-08,XSD,SELL,274187.3428430085,274.18734284300854,RECOVERY_ATTACK
2020-04-09,2020-04-08,SOXL,BUY,513800.38106997625,513.8003810699763,RECOVERY_ATTACK
2022-01-24,2022-01-21,SOXL,SELL,2623309.185272263,2623.3091852722628,SPRING_DEFENSE
2022-01-24,2022-01-21,XSD,BUY,1312281.7485887464,1312.2817485887465,SPRING_DEFENSE
2022-01-25,2022-01-24,XSD,SELL,1330284.2633398545,1330.2842633398545,PULLBACK_ATTACK
2022-01-25,2022-01-24,SOXL,BUY,2612237.255505658,2612.237255505658,PULLBACK_ATTACK
2022-01-26,2022-01-25,SOXL,SELL,2737939.2804333917,2737.9392804333916,SPRING_DEFENSE
2022-01-26,2022-01-25,XSD,BUY,1380103.7361604476,1380.1037361604476,SPRING_DEFENSE
2022-02-01,2022-01-31,XSD,SELL,1423706.485587322,1423.706485587322,PULLBACK_ATTACK
2022-02-01,2022-01-31,SOXL,BUY,2771618.7475494863,2771.618747549486,PULLBACK_ATTACK
2022-02-04,2022-02-03,SOXL,SELL,2541506.224844631,2541.5062248446307,SPRING_DEFENSE
2022-02-04,2022-02-03,XSD,BUY,1282839.0142853237,1282.8390142853236,SPRING_DEFENSE
2022-02-07,2022-02-04,XSD,SELL,1305586.8554079374,1305.5868554079375,PULLBACK_ATTACK
2022-02-07,2022-02-04,SOXL,BUY,2558715.951217769,2558.715951217769,PULLBACK_ATTACK
2022-02-14,2022-02-11,SOXL,SELL,2330635.9347813157,2330.635934781316,SPRING_DEFENSE
2022-02-14,2022-02-11,XSD,BUY,1176487.213650875,1176.487213650875,SPRING_DEFENSE
2022-02-16,2022-02-15,XSD,SELL,1232012.0850633134,1232.0120850633134,PULLBACK_ATTACK
2022-02-16,2022-02-15,SOXL,BUY,2380837.584554125,2380.837584554125,PULLBACK_ATTACK
2022-02-17,2022-02-16,SOXL,SELL,2383538.9031015513,2383.5389031015516,NORMAL_DEFENSE
2022-02-17,2022-02-16,XSD,BUY,1202001.1137875542,1202.0011137875542,NORMAL_DEFENSE
2022-02-18,2022-02-17,XSD,SELL,1171594.7858800371,1171.594785880037,PULLBACK_ATTACK
2022-02-18,2022-02-17,SOXL,BUY,2346377.148455923,2346.377148455923,PULLBACK_ATTACK
2022-02-23,2022-02-22,SOXL,SELL,2285350.2959394497,2285.3502959394496,SPRING_DEFENSE
2022-02-23,2022-02-22,XSD,BUY,1152806.459230806,1152.806459230806,SPRING_DEFENSE
2022-02-25,2022-02-24,XSD,SELL,1176527.2322841836,1176.5272322841836,PULLBACK_ATTACK
2022-02-25,2022-02-24,SOXL,BUY,2302596.0225775265,2302.5960225775266,PULLBACK_ATTACK
2022-03-02,2022-03-01,SOXL,SELL,2156957.375448908,2156.9573754489084,SPRING_DEFENSE
2022-03-02,2022-03-01,XSD,BUY,1088485.2392584009,1088.485239258401,SPRING_DEFENSE
2022-03-03,2022-03-02,XSD,SELL,1118516.2633853836,1118.5162633853836,PULLBACK_ATTACK
2022-03-03,2022-03-02,SOXL,BUY,2181664.3088508327,2181.6643088508326,PULLBACK_ATTACK
2022-03-04,2022-03-03,SOXL,SELL,1965913.2017099364,1965.9132017099364,SPRING_DEFENSE
2022-03-04,2022-03-03,XSD,BUY,992495.9029130144,992.4959029130144,SPRING_DEFENSE
2022-03-18,2022-03-17,XSD,SELL,1020675.1925991073,1020.6751925991073,PULLBACK_ATTACK
2022-03-18,2022-03-17,SOXL,BUY,1990058.7579459606,1990.0587579459607,PULLBACK_ATTACK
2022-03-25,2022-03-24,SOXL,SELL,2287265.4780233176,2287.265478023318,NORMAL_DEFENSE
2022-03-25,2022-03-24,XSD,BUY,1151963.9261173962,1151.9639261173963,NORMAL_DEFENSE
2022-03-29,2022-03-28,XSD,SELL,1166861.7009508708,1166.8617009508707,NORMAL_ATTACK
2022-03-29,2022-03-28,SOXL,BUY,2292212.8869555574,2292.212886955557,NORMAL_ATTACK
2022-04-06,2022-04-05,SOXL,SELL,1577046.5341872391,1577.046534187239,SPRING_DEFENSE
2022-04-06,2022-04-05,XSD,BUY,1437467.1174543612,1437.4671174543612,SPRING_DEFENSE
2022-04-07,2022-04-06,XSD,SELL,626163.0883460407,626.1630883460407,SPRING_DEFENSE
2022-04-25,2022-04-22,XSD,SELL,718498.7683952495,718.4987683952495,DEEP_ATTACK
2022-04-25,2022-04-22,SOXL,BUY,1486533.7374556018,1486.5337374556018,DEEP_ATTACK
2022-04-26,2022-04-25,SOXL,SELL,1537557.4682270281,1537.5574682270283,SPRING_DEFENSE
2022-04-26,2022-04-25,XSD,BUY,775130.1364599363,775.1301364599362,SPRING_DEFENSE
2022-04-27,2022-04-26,XSD,SELL,748450.0121030943,748.4500121030943,DEEP_ATTACK
2022-04-27,2022-04-26,SOXL,BUY,1506112.3303583632,1506.1123303583634,DEEP_ATTACK
2022-04-29,2022-04-28,SOXL,SELL,1692808.9172410204,1692.8089172410205,SPRING_DEFENSE
2022-04-29,2022-04-28,XSD,BUY,852738.3129365244,852.7383129365244,SPRING_DEFENSE
2022-05-02,2022-04-29,XSD,SELL,834157.1617082404,834.1571617082404,DEEP_ATTACK
2022-05-02,2022-04-29,SOXL,BUY,1667549.8299765491,1667.549829976549,DEEP_ATTACK
2022-05-03,2022-05-02,SOXL,SELL,1812845.7040114908,1812.8457040114909,SPRING_DEFENSE
2022-05-03,2022-05-02,XSD,BUY,913481.6571634235,913.4816571634235,SPRING_DEFENSE
2022-05-09,2022-05-06,XSD,SELL,871161.9367397018,871.1619367397018,DEEP_ATTACK
2022-05-09,2022-05-06,SOXL,BUY,1764188.1613669682,1764.1881613669682,DEEP_ATTACK
2022-05-18,2022-05-17,SOXL,SELL,1891933.9507847165,1891.9339507847167,SPRING_DEFENSE
2022-05-18,2022-05-17,XSD,BUY,953454.3224747538,953.4543224747539,SPRING_DEFENSE
2022-05-19,2022-05-18,XSD,SELL,925945.6059703489,925.945605970349,DEEP_ATTACK
2022-05-19,2022-05-18,SOXL,BUY,1857849.9715389172,1857.849971538917,DEEP_ATTACK
2022-05-27,2022-05-26,SOXL,SELL,2133589.4457323756,2133.5894457323757,SPRING_DEFENSE
2022-05-27,2022-05-26,XSD,BUY,1074573.7219466863,1074.5737219466862,SPRING_DEFENSE
2022-05-31,2022-05-27,XSD,SELL,1104272.6979530633,1104.2726979530632,RECOVERY_ATTACK
2022-05-31,2022-05-27,SOXL,BUY,2153832.431622472,2153.832431622472,RECOVERY_ATTACK
2022-06-02,2022-06-01,SOXL,SELL,2004760.5213558637,2004.7605213558636,SPRING_DEFENSE
2022-06-02,2022-06-01,XSD,BUY,1011749.947017596,1011.749947017596,SPRING_DEFENSE
2022-06-03,2022-06-02,XSD,SELL,1033096.0622230937,1033.0960622230937,RECOVERY_ATTACK
2022-06-03,2022-06-02,SOXL,BUY,2021373.6241587647,2021.3736241587649,RECOVERY_ATTACK
2022-06-10,2022-06-09,SOXL,SELL,1645093.2458020442,1645.0932458020443,SPRING_DEFENSE
2022-06-10,2022-06-09,XSD,BUY,831517.2753382236,831.5172753382236,SPRING_DEFENSE
2022-06-13,2022-06-10,XSD,SELL,789914.4756685212,789.9144756685213,DEEP_ATTACK
2022-06-13,2022-06-10,SOXL,BUY,1602848.5980536924,1602.8485980536925,DEEP_ATTACK
2022-08-23,2022-08-22,SOXL,SELL,1619128.6870287824,1619.1286870287825,SPRING_DEFENSE
2022-08-23,2022-08-22,XSD,BUY,816441.7532339251,816.441753233925,SPRING_DEFENSE
2022-08-31,2022-08-30,XSD,SELL,792066.9857463634,792.0669857463635,DEEP_ATTACK
2022-08-31,2022-08-30,SOXL,BUY,1590065.3405874153,1590.0653405874152,DEEP_ATTACK
2022-12-07,2022-12-06,SOXL,SELL,1239076.179385823,1239.076179385823,SPRING_DEFENSE
2022-12-07,2022-12-06,XSD,BUY,626635.8667031368,626.6358667031368,SPRING_DEFENSE
2022-12-14,2022-12-13,XSD,SELL,665077.5638175621,665.0775638175621,PULLBACK_ATTACK
2022-12-14,2022-12-13,SOXL,BUY,1276873.7644005558,1276.8737644005557,PULLBACK_ATTACK
2022-12-15,2022-12-14,SOXL,SELL,1155896.7650958514,1155.8967650958514,SPRING_DEFENSE
2022-12-15,2022-12-14,XSD,BUY,583527.5277974416,583.5275277974416,SPRING_DEFENSE
2022-12-19,2022-12-16,XSD,SELL,565465.6575654235,565.4656575654235,DEEP_ATTACK
2022-12-19,2022-12-16,SOXL,BUY,1135818.9817163474,1135.8189817163475,DEEP_ATTACK
2023-01-10,2023-01-09,SOXL,SELL,1166522.7500538244,1166.5227500538244,SPRING_DEFENSE
2023-01-10,2023-01-09,XSD,BUY,588120.5128990537,588.1205128990538,SPRING_DEFENSE
2023-01-11,2023-01-10,XSD,SELL,602222.6683463174,602.2226683463174,PULLBACK_ATTACK
2023-01-11,2023-01-10,SOXL,BUY,1176678.6371404857,1176.6786371404858,PULLBACK_ATTACK
2023-09-22,2023-09-21,SOXL,SELL,1766436.4727326792,1766.4364727326792,SPRING_DEFENSE
2023-09-22,2023-09-21,XSD,BUY,1597462.3949979132,1597.4623949979132,SPRING_DEFENSE
2023-09-25,2023-09-22,XSD,SELL,1587248.7295543787,1587.2487295543788,PULLBACK_ATTACK
2023-09-25,2023-09-22,SOXL,BUY,1743799.368091935,1743.799368091935,PULLBACK_ATTACK
2023-09-27,2023-09-26,SOXL,SELL,1746769.717984828,1746.769717984828,SPRING_DEFENSE
2023-09-27,2023-09-26,XSD,BUY,1584946.9227378035,1584.9469227378036,SPRING_DEFENSE
2023-09-29,2023-09-28,XSD,SELL,1633473.1765769417,1633.4731765769418,PULLBACK_ATTACK
2023-09-29,2023-09-28,SOXL,BUY,1788095.2535664886,1788.0952535664887,PULLBACK_ATTACK
2023-10-04,2023-10-03,SOXL,SELL,1673060.8498209484,1673.0608498209485,SPRING_DEFENSE
2023-10-04,2023-10-03,XSD,BUY,1519137.1979918813,1519.1371979918813,SPRING_DEFENSE
2023-10-09,2023-10-06,XSD,SELL,1530483.4239028043,1530.4834239028044,PULLBACK_ATTACK
2023-10-09,2023-10-06,SOXL,BUY,1679106.187727369,1679.106187727369,PULLBACK_ATTACK
2023-10-10,2023-10-09,SOXL,SELL,1735904.6288355605,1735.9046288355605,SPRING_DEFENSE
2023-10-10,2023-10-09,XSD,BUY,1574599.3141099662,1574.5993141099661,SPRING_DEFENSE
2023-10-11,2023-10-10,XSD,SELL,1606249.1023487162,1606.2491023487162,PULLBACK_ATTACK
2023-10-11,2023-10-10,SOXL,BUY,1760059.8899749247,1760.0598899749248,PULLBACK_ATTACK
2023-10-16,2023-10-13,SOXL,SELL,1657800.9646357398,1657.8009646357398,SPRING_DEFENSE
2023-10-16,2023-10-13,XSD,BUY,1505174.7344972638,1505.174734497264,SPRING_DEFENSE
2023-10-19,2023-10-18,XSD,SELL,1498201.8104233285,1498.2018104233287,DEEP_ATTACK
2023-10-19,2023-10-18,SOXL,BUY,1645676.5735136964,1645.6765735136964,DEEP_ATTACK
2024-04-22,2024-04-19,SOXL,SELL,2778791.4731815434,2778.7914731815436,SPRING_DEFENSE
2024-04-22,2024-04-19,XSD,BUY,2511112.1087624915,2511.1121087624915,SPRING_DEFENSE
2024-04-24,2024-04-23,XSD,SELL,2638816.684025956,2638.816684025956,PULLBACK_ATTACK
2024-04-24,2024-04-23,SOXL,BUY,2883184.0684046643,2883.1840684046642,PULLBACK_ATTACK
2024-07-12,2024-07-11,SOXL,SELL,4922458.880888087,4922.458880888087,TOP_DEFENSE
2024-07-12,2024-07-11,XSD,BUY,4447990.35274723,4447.99035274723,TOP_DEFENSE
2024-07-31,2024-07-30,XSD,SELL,4018971.7936881464,4018.9717936881466,PULLBACK_ATTACK
2024-07-31,2024-07-30,SOXL,BUY,4459667.161987342,4459.667161987342,PULLBACK_ATTACK
2024-08-05,2024-08-02,SOXL,SELL,2479701.8495850447,2479.701849585045,SPRING_DEFENSE
2024-08-05,2024-08-02,XSD,BUY,2268001.160662657,2268.001160662657,SPRING_DEFENSE
2024-08-08,2024-08-07,XSD,SELL,2359819.618061654,2359.8196180616537,DEEP_ATTACK
2024-08-08,2024-08-07,SOXL,BUY,2580810.325909398,2580.810325909398,DEEP_ATTACK
2024-08-09,2024-08-08,SOXL,SELL,2774122.650466187,2774.1226504661868,SPRING_DEFENSE
2024-08-09,2024-08-08,XSD,BUY,2515411.716542982,2515.411716542982,SPRING_DEFENSE
2024-08-14,2024-08-13,XSD,SELL,2641775.8798270863,2641.7758798270866,PULLBACK_ATTACK
2024-08-14,2024-08-13,SOXL,BUY,2886580.337193693,2886.580337193693,PULLBACK_ATTACK
2024-09-09,2024-09-06,SOXL,SELL,2168525.583693316,2168.525583693316,SPRING_DEFENSE
2024-09-09,2024-09-06,XSD,BUY,1974186.2241259809,1974.186224125981,SPRING_DEFENSE
2024-09-12,2024-09-11,XSD,SELL,2064302.6566361804,2064.3026566361805,PULLBACK_ATTACK
2024-09-12,2024-09-11,SOXL,BUY,2256542.478040347,2256.542478040347,PULLBACK_ATTACK
2024-11-18,2024-11-15,SOXL,SELL,1900990.5674207804,1900.9905674207805,SPRING_DEFENSE
2024-11-18,2024-11-15,XSD,BUY,1728139.3163109832,1728.139316310983,SPRING_DEFENSE
2024-11-20,2024-11-19,XSD,SELL,1756847.2057676977,1756.8472057676977,PULLBACK_ATTACK
2024-11-20,2024-11-19,SOXL,BUY,1925728.3087448615,1925.7283087448616,PULLBACK_ATTACK
2025-02-12,2025-02-11,SOXL,SELL,1849237.9750497981,1849.2379750497983,BREAK_CASH
2025-02-13,2025-02-12,SOXL,BUY,1846344.2519819872,1846.344251981987,NORMAL_ATTACK
2025-02-26,2025-02-25,SOXL,SELL,1745597.9412318615,1745.5979412318616,BREAK_CASH
2025-02-28,2025-02-27,XSD,BUY,1584825.7135646495,1584.8257135646495,SPRING_DEFENSE
2025-03-11,2025-03-10,XSD,SELL,668414.5917183132,668.4145917183132,SPRING_DEFENSE
2025-03-25,2025-03-24,XSD,BUY,669518.9285964111,669.5189285964111,SPRING_DEFENSE
2025-03-31,2025-03-28,XSD,SELL,601862.359774654,601.862359774654,SPRING_DEFENSE
2025-04-04,2025-04-03,XSD,SELL,675561.6704710686,675.5616704710686,DEEP_ATTACK
2025-04-04,2025-04-03,SOXL,BUY,1433878.5811556608,1433.8785811556609,DEEP_ATTACK
2025-04-10,2025-04-09,SOXL,SELL,1558005.3957781421,1558.0053957781422,SPRING_DEFENSE
2025-04-10,2025-04-09,XSD,BUY,785072.9697222586,785.0729697222587,SPRING_DEFENSE
2025-04-11,2025-04-10,XSD,SELL,742988.5235944053,742.9885235944053,DEEP_ATTACK
2025-04-11,2025-04-10,SOXL,BUY,1510549.8753685239,1510.549875368524,DEEP_ATTACK
2025-04-25,2025-04-24,SOXL,SELL,1878897.9716899153,1878.8979716899153,SPRING_DEFENSE
2025-04-25,2025-04-24,XSD,BUY,945665.7437618204,945.6657437618204,SPRING_DEFENSE
2025-04-30,2025-04-29,XSD,SELL,924923.9321926559,924.9239321926559,DEEP_ATTACK
2025-04-30,2025-04-29,SOXL,BUY,1849137.4584182266,1849.1374584182265,DEEP_ATTACK
2025-05-01,2025-04-30,SOXL,SELL,2109934.9388714414,2109.9349388714413,SPRING_DEFENSE
2025-05-01,2025-04-30,XSD,BUY,1062720.2199291398,1062.7202199291398,SPRING_DEFENSE
2025-05-05,2025-05-02,XSD,SELL,1091206.9704666685,1091.2069704666685,RECOVERY_ATTACK
2025-05-05,2025-05-02,SOXL,BUY,2129199.7158723744,2129.1997158723743,RECOVERY_ATTACK
2025-05-14,2025-05-13,SOXL,SELL,3123814.2615947924,3123.8142615947922,BREAK_CASH
2025-05-15,2025-05-14,SOXL,BUY,3107698.918089681,3107.698918089681,NORMAL_ATTACK
2025-06-02,2025-05-30,SOXL,SELL,2724325.6607591733,2724.3256607591734,SPRING_DEFENSE
2025-06-02,2025-05-30,XSD,BUY,2475465.0913526253,2475.465091352625,SPRING_DEFENSE
2025-06-03,2025-06-02,XSD,SELL,2538021.6993748555,2538.0216993748554,RECOVERY_ATTACK
2025-06-03,2025-06-02,SOXL,BUY,2779678.1196091017,2779.678119609102,RECOVERY_ATTACK
2026-03-30,2026-03-27,SOXL,SELL,7885097.536341778,7885.097536341778,NORMAL_DEFENSE
2026-03-30,2026-03-27,XSD,BUY,3950669.6629531058,3950.6696629531057,NORMAL_DEFENSE
2026-03-31,2026-03-30,XSD,SELL,3823224.803861585,3823.224803861585,PULLBACK_ATTACK
2026-03-31,2026-03-30,SOXL,BUY,7684762.614602265,7684.762614602265,PULLBACK_ATTACK
2026-04-01,2026-03-31,SOXL,SELL,8967945.965738771,8967.945965738772,NORMAL_DEFENSE
2026-04-01,2026-03-31,XSD,BUY,4516042.920823086,4516.042920823086,NORMAL_DEFENSE
2026-04-02,2026-04-01,XSD,SELL,4401935.722681858,4401.935722681857,NORMAL_ATTACK
2026-04-02,2026-04-01,SOXL,BUY,8815713.384453828,8815.713384453828,NORMAL_ATTACK
2026-04-28,2026-04-27,SOXL,SELL,20814347.5598009,20814.347559800903,TOP_DEFENSE
2026-04-28,2026-04-27,XSD,BUY,18777423.05921328,18777.42305921328,TOP_DEFENSE
2026-07-08,2026-07-07,XSD,SELL,22255384.987244934,22255.384987244935,PULLBACK_ATTACK
2026-07-08,2026-07-07,SOXL,BUY,24052502.86491231,24052.50286491231,PULLBACK_ATTACK
